<?xml version="1.0" encoding="UTF-8"?>
<project-private xmlns="http://www.netbeans.org/ns/project-private/1">
    <editor-bookmarks xmlns="http://www.netbeans.org/ns/editor-bookmarks/2" lastBookmarkId="1">
        <file>
            <url>src/hangmanclient/HangmanClient.java</url>
            <bookmark id="1">
                <name/>
                <line>261</line>
                <key/>
            </bookmark>
        </file>
    </editor-bookmarks>
    <open-files xmlns="http://www.netbeans.org/ns/projectui-open-files/2">
        <group>
            <file>file:/D:/Users/Admin/Desktop/IntegLec%20Assign/hangman/FINALS-INTEG-LEC-master/New%20folder/latest/python/HangmanClient/src/hangmanclient/style.css</file>
            <file>file:/D:/Users/Admin/Desktop/IntegLec%20Assign/hangman/FINALS-INTEG-LEC-master/New%20folder/latest/python/HangmanClient/src/hangmanclient/HangmanClient.java</file>
        </group>
    </open-files>
</project-private>
